{"cameraMode":{"drawMode":0,"name":"Shaded","section":"Shading Mode"},"sceneLighting":false,"audioPlay":false,"sceneViewState":{"m_AlwaysRefresh":false,"showFog":true,"showSkybox":false,"showFlares":true,"showImageEffects":true,"showParticleSystems":true,"showVisualEffectGraphs":true,"m_FxEnabled":true},"in2DMode":false,"pivot":{"x":0.4144153296947479,"y":-0.000054788637498859316,"z":-1.7818256616592408},"rotation":{"x":0.13697358965873719,"y":0.6122845411300659,"z":-0.1087813600897789,"w":0.7711043953895569},"size":0.8660253286361694,"orthographic":false}