{"cameraMode":{"drawMode":0,"name":"Shaded","section":"Shading Mode"},"sceneLighting":false,"audioPlay":false,"sceneViewState":{"m_AlwaysRefresh":false,"showFog":true,"showSkybox":false,"showFlares":true,"showImageEffects":true,"showParticleSystems":true,"showVisualEffectGraphs":true,"m_FxEnabled":true},"in2DMode":false,"pivot":{"x":0.7379550337791443,"y":-0.29691487550735476,"z":-1.099854588508606},"rotation":{"x":0.1442927122116089,"y":0.6290790438652039,"z":-0.12035210430622101,"w":0.7543503642082214},"size":0.8660253882408142,"orthographic":false}